Guess,Real
-5.00024,-5
4.01826,4
-0.891862,-1
1.99506,2
-1.96673,-2
-2.00495,-2
2.98782,3
-0.991533,-1
-3.00788,-3
2.98921,3
-2.02531,-2
-1.99104,-2
5.00717,5
-1.94116,-2
-0.0561199,0
-1.03747,-1
3.01106,3
-0.999296,-1
3.03822,3
-1.98995,-2
-1.98317,-2
0.995183,1
2.01056,2
-3.98856,-4
1.02937,1
-0.95946,-1
-0.959357,-1
-0.976084,-1
-0.98545,-1
2.98277,3
-0.967463,-1
0.993385,1
1.01597,1
1.04965,1
1.04665,1
1.01999,1
0.98372,1
