Guess,Real
-4.77452,-5
3.60358,4
-1.27511,-1
1.79949,2
-2.50252,-2
-1.95463,-2
3.51998,3
-1.16517,-1
-2.50034,-3
3.12775,3
-2.21246,-2
-2.20695,-2
5.4097,5
-2.10055,-2
-0.0368168,0
-1.3741,-1
3.2681,3
-0.703808,-1
3.27706,3
-1.99953,-2
-2.2143,-2
0.947636,1
2.36709,2
-3.83037,-4
0.797516,1
-0.490787,-1
-1.0267,-1
-0.926487,-1
-0.741969,-1
3.33151,3
-1.05492,-1
0.813852,1
1.06451,1
1.03997,1
0.931312,1
0.909007,1
0.988963,1
